car_brand,car_color,car_price,creation_date,creation_timestamp,file_name,processed_date_time
Mitsubishi,white,2000,20260410,20260410162002,cars_20260410_20260410162002.csv,20260410163505
WagonR,grey,4000,20260410,20260410162002,cars_20260410_20260410162002.csv,20260410163505
Exter,kaki,6000,20260410,20260410162002,cars_20260410_20260410162002.csv,20260410163505
Mitsubishi,white,2000,20260410,20260410163600,cars_20260410_20260410163600.csv,20260410163659
WagonR,grey,4000,20260410,20260410163600,cars_20260410_20260410163600.csv,20260410163659
Exter,kaki,6000,20260410,20260410163600,cars_20260410_20260410163600.csv,20260410163659
Mitsubishi,white,2000,20260411,20260411164435,cars_20260411_20260411164435.csv,20260411164531
WagonR,grey,4000,20260411,20260411164435,cars_20260411_20260411164435.csv,20260411164531
Exter,kaki,6000,20260411,20260411164435,cars_20260411_20260411164435.csv,20260411164531
Mitsubishi,white,2000,20260412,20260412164106,cars_20260412_20260412164106.csv,20260412164129
WagonR,grey,4000,20260412,20260412164106,cars_20260412_20260412164106.csv,20260412164129
Exter,kaki,6000,20260412,20260412164106,cars_20260412_20260412164106.csv,20260412164129
